City_ID,City,Country,Lat,Lng,Max Temp,Humidity,Cloudiness,Wind Speed,Current Description,Rain (inches),Snow (inches)
0,Kapaa,US,22.0752,-159.319,86.32,66,1,4.0,clear sky,0.0,0
1,Hede,CN,33.7681,120.2517,77.95,87,67,6.08,broken clouds,0.0,0
2,Bengkulu,ID,-3.8004,102.2655,74.8,87,69,4.27,broken clouds,0.0,0
3,Sola,VU,-13.8833,167.55,75.87,88,90,9.22,overcast clouds,0.0,0
4,Muskegon,US,43.3,-86.1334,75.22,61,20,5.75,few clouds,0.0,0
5,Atuona,PF,-9.8,-139.0333,78.24,64,21,14.32,few clouds,0.0,0
6,Punta Arenas,CL,-53.15,-70.9167,41.11,93,90,4.61,overcast clouds,0.0,0
7,Grindavik,IS,63.8424,-22.4338,51.75,100,90,10.36,light intensity drizzle,0.0,0
8,Toamasina,MG,-18.1667,49.3833,62.6,94,75,5.75,light rain,0.32,0
9,Mataura,NZ,-46.1927,168.8643,57.47,61,100,5.55,overcast clouds,0.0,0
10,Mahebourg,MU,-20.4081,57.7,68.29,83,40,10.36,light rain,0.36,0
11,Nome,US,64.5011,-165.4064,50.07,82,90,8.05,light rain,0.68,0
12,Chokurdakh,RU,70.6333,147.9167,46.63,54,59,7.7,broken clouds,0.0,0
13,Hobart,AU,-42.8794,147.3294,42.66,87,75,3.0,broken clouds,0.0,0
14,Vaini,TO,-21.2,-175.2,73.56,73,40,13.8,scattered clouds,0.0,0
15,Cape Town,ZA,-33.9258,18.4232,57.11,87,0,3.44,clear sky,0.0,0
16,Kodiak,US,57.79,-152.4072,56.91,62,6,0.72,clear sky,0.0,0
17,Lebu,CL,-37.6167,-73.65,50.81,92,100,27.76,overcast clouds,0.0,0
18,Leningradskiy,RU,69.3833,178.4167,34.14,85,97,13.56,overcast clouds,0.0,0
19,Kavieng,PG,-2.5744,150.7967,83.64,74,83,8.88,light rain,0.96,0
20,Ostrovnoy,RU,68.0531,39.5131,51.35,98,100,11.18,overcast clouds,0.0,0
21,Jamestown,US,42.097,-79.2353,70.92,64,1,5.75,clear sky,0.0,0
22,Parabel,RU,58.6978,81.4825,58.41,91,74,6.82,broken clouds,0.0,0
23,Khani,GE,41.9563,42.9566,60.37,98,99,1.23,moderate rain,2.37,0
24,Lincoln,US,40.8,-96.667,84.58,52,1,1.99,clear sky,0.0,0
25,Butaritari,KI,3.0707,172.7902,83.39,72,24,10.25,few clouds,0.0,0
26,Mulege,MX,26.8833,-111.9833,91.29,53,30,7.76,scattered clouds,0.0,0
27,Dikson,RU,73.5069,80.5464,44.38,100,100,10.33,overcast clouds,0.0,0
28,Karibib,NA,-21.9333,15.8333,58.59,35,0,0.78,clear sky,0.0,0
29,Shangzhi,CN,45.2167,127.9667,68.27,80,9,2.75,clear sky,0.0,0
30,Hakui,JP,36.8833,136.7833,81.23,78,100,3.33,overcast clouds,0.0,0
31,Basco,PH,20.4487,121.9702,84.15,78,77,12.33,light rain,0.87,0
32,Pathalgaon,IN,22.5667,83.4667,74.82,91,100,1.88,overcast clouds,0.0,0
33,Vila Velha,BR,-20.3297,-40.2925,71.55,83,75,4.61,broken clouds,0.0,0
34,Fort Saint James,CA,54.4333,-124.25,74.32,28,65,14.7,broken clouds,0.0,0
35,Hilo,US,19.7297,-155.09,82.13,78,75,10.36,broken clouds,0.0,0
36,Palaikastron,GR,35.2,26.25,74.97,69,0,15.84,clear sky,0.0,0
37,Bredasdorp,ZA,-34.5322,20.0403,53.28,93,43,1.14,scattered clouds,0.0,0
38,Aklavik,CA,68.2191,-135.0107,59.72,57,100,6.93,overcast clouds,0.0,0
39,Ribeira Grande,PT,38.5167,-28.7,72.52,85,84,4.68,broken clouds,0.0,0
40,Port Alfred,ZA,-33.5906,26.891,58.98,76,0,13.53,clear sky,0.0,0
41,Bethel,US,41.3712,-73.414,74.64,73,1,4.61,clear sky,0.0,0
42,Haradok,BY,55.4624,29.9816,55.58,95,24,4.92,few clouds,0.0,0
43,Lompoc,US,34.6391,-120.4579,74.88,78,1,7.0,mist,0.0,0
44,Souillac,MU,-20.5167,57.5167,68.38,83,40,10.36,scattered clouds,0.0,0
45,Bonavista,CA,48.6499,-53.1147,73.4,95,51,12.97,broken clouds,0.0,0
46,Buncrana,IE,55.1333,-7.45,54.0,90,88,14.97,overcast clouds,0.0,0
47,Puerto Ayora,EC,-0.7393,-90.3518,69.55,93,88,8.01,overcast clouds,0.0,0
48,San Patricio,US,28.017,-97.5169,90.01,55,65,14.7,broken clouds,0.0,0
49,Mar Del Plata,AR,-38.0023,-57.5575,46.42,100,90,6.91,fog,0.0,0
50,Tiksi,RU,71.6872,128.8694,43.12,82,20,7.31,few clouds,0.0,0
51,Tuktoyaktuk,CA,69.4541,-133.0374,57.2,62,40,13.8,scattered clouds,0.0,0
52,Achutupo,PA,9.2,-77.9833,80.15,82,92,1.61,overcast clouds,0.0,0
53,Srednekolymsk,RU,67.45,153.6833,51.6,52,100,9.26,overcast clouds,0.0,0
54,Albany,US,42.6001,-73.9662,68.63,74,100,2.46,overcast clouds,0.0,0
55,Rikitea,PF,-23.1203,-134.9692,74.79,75,0,11.45,clear sky,0.0,0
56,Bluff,NZ,-46.6,168.3333,57.79,64,99,16.98,overcast clouds,0.0,0
57,Bitkine,TD,11.9801,18.2138,74.75,84,56,2.95,broken clouds,0.0,0
58,Bagotville,AU,-28.9833,153.4167,72.64,60,41,6.06,scattered clouds,0.0,0
59,Palmas De Monte Alto,BR,-14.2672,-43.1619,73.18,36,29,3.91,scattered clouds,0.0,0
60,Port Hardy,CA,50.6996,-127.4199,59.18,100,90,0.0,mist,0.0,0
61,Paamiut,GL,61.994,-49.6678,46.11,99,100,22.82,heavy intensity rain,4.28,0
62,Upernavik,GL,72.7868,-56.1549,42.78,95,100,5.03,light rain,0.69,0
63,Milford,US,41.2223,-73.0565,75.29,66,1,1.01,clear sky,0.0,0
64,Ilulissat,GL,69.2167,-51.1,46.42,87,40,9.22,scattered clouds,0.0,0
65,Sonoita,MX,31.85,-112.8333,96.53,40,67,9.53,broken clouds,0.0,0
66,Pavlohrad,UA,48.5167,35.8667,61.75,80,96,3.91,overcast clouds,0.0,0
67,Wahpeton,US,46.2652,-96.6059,85.82,24,1,13.76,clear sky,0.0,0
68,Pizhanka,RU,57.4604,48.542,60.53,80,52,7.7,broken clouds,0.0,0
69,Huejuquilla El Alto,MX,22.6,-103.8667,75.43,55,80,0.98,broken clouds,0.0,0
70,Ndele,CF,8.4109,20.6473,70.0,93,98,2.21,light rain,0.46,0
71,Road Town,VG,18.4167,-64.6167,81.19,88,100,21.56,overcast clouds,0.0,0
72,Yellowknife,CA,62.456,-114.3525,61.32,72,75,12.66,broken clouds,0.0,0
73,Lorengau,PG,-2.0226,147.2712,82.45,78,91,6.89,overcast clouds,0.0,0
74,Asau,RO,46.4333,26.4,66.96,79,6,4.54,clear sky,0.0,0
75,Kununurra,AU,-15.7667,128.7333,85.98,21,50,17.27,scattered clouds,0.0,0
76,Barrow,US,71.2906,-156.7887,37.42,81,90,19.57,light rain,0.0,0
77,Broken Hill,AU,-31.95,141.4333,53.19,66,0,12.73,clear sky,0.0,0
78,Faanui,PF,-16.4833,-151.75,78.91,75,11,9.24,few clouds,0.0,0
79,Belyy Yar,RU,53.6039,91.3903,57.09,94,0,2.24,clear sky,0.0,0
80,Busselton,AU,-33.65,115.3333,57.04,68,0,10.92,clear sky,0.0,0
81,Jambi,ID,-1.6,103.6167,73.78,97,98,1.99,overcast clouds,0.0,0
82,Tasiilaq,GL,65.6145,-37.6368,50.16,70,89,0.89,overcast clouds,0.0,0
83,Caloundra,AU,-26.8,153.1333,78.35,57,1,2.3,clear sky,0.0,0
84,Sayat,TM,38.7839,63.8803,66.07,28,0,11.36,clear sky,0.0,0
85,Provideniya,RU,64.3833,-173.3,44.71,81,90,13.42,light rain,0.0,0
86,Nuevo Ideal,MX,24.8875,-105.0728,73.11,50,67,9.86,broken clouds,0.0,0
87,Port Macquarie,AU,-31.4333,152.9167,64.36,39,20,5.35,few clouds,0.0,0
88,Chuy,UY,-33.6971,-53.4616,53.02,98,39,2.86,scattered clouds,0.0,0
89,Deputatskiy,RU,69.3,139.9,44.71,69,100,4.74,overcast clouds,0.0,0
90,Killybegs,IE,54.6333,-8.45,55.45,79,78,15.46,broken clouds,0.0,0
91,Kemijarvi,FI,66.7131,27.4306,47.23,95,100,10.36,overcast clouds,0.0,0
92,Moses Lake,US,47.1301,-119.2781,101.28,15,1,10.36,clear sky,0.0,0
93,Maniitsoq,GL,65.4167,-52.9,46.04,95,100,3.29,overcast clouds,0.0,0
94,Vila Franca Do Campo,PT,37.7167,-25.4333,73.81,93,48,7.74,scattered clouds,0.0,0
95,Waingapu,ID,-9.6567,120.2641,80.55,73,4,14.63,clear sky,0.0,0
96,Miramar,US,25.9873,-80.2323,85.01,80,20,8.05,few clouds,0.0,0
97,Santa Vitoria Do Palmar,BR,-33.5189,-53.3681,53.69,97,29,2.42,scattered clouds,0.0,0
98,Karratha,AU,-20.7377,116.8463,75.67,52,90,15.57,overcast clouds,0.0,0
99,Mezen,RU,65.8522,44.24,54.05,94,56,10.8,broken clouds,0.0,0
100,Georgetown,MY,5.4112,100.3354,79.9,90,20,0.0,few clouds,0.0,0
101,Porto Novo,BJ,6.4965,2.6036,75.72,81,99,8.1,overcast clouds,0.0,0
102,Smithers,CA,54.7804,-127.1743,66.9,34,3,14.23,clear sky,0.0,0
103,Auki,SB,-8.7676,160.7034,84.47,68,84,4.63,moderate rain,2.37,0
104,Mehamn,NO,71.0357,27.8492,44.37,82,100,12.21,overcast clouds,0.0,0
105,Cherskiy,RU,68.75,161.3,43.27,85,100,3.89,overcast clouds,0.0,0
106,Vanderhoof,CA,54.0166,-124.0198,77.29,27,93,15.35,overcast clouds,0.0,0
107,Bambous Virieux,MU,-20.3428,57.7575,68.25,83,40,10.36,light rain,0.35,0
108,Kaitangata,NZ,-46.2817,169.8464,55.02,56,98,10.67,overcast clouds,0.0,0
109,Castro,BR,-24.7911,-50.0119,59.23,88,31,3.11,scattered clouds,0.0,0
110,Hermanus,ZA,-34.4187,19.2345,56.89,75,12,8.63,few clouds,0.0,0
111,Tete,MZ,-16.1564,33.5867,69.89,68,75,11.5,broken clouds,0.0,0
112,Hofn,IS,64.2539,-15.2082,52.38,92,100,2.66,overcast clouds,0.0,0
113,Yanam,IN,16.7333,82.2167,75.45,95,100,9.04,light rain,1.0,0
114,Dalvik,IS,65.9702,-18.5286,48.13,82,80,3.42,broken clouds,0.0,0
115,Doha,QA,25.2867,51.5333,93.18,49,0,3.44,clear sky,0.0,0
116,Guerrero Negro,MX,27.9769,-114.0611,77.05,66,6,16.71,clear sky,0.0,0
117,Winslow,US,35.0242,-110.6974,95.97,21,1,1.01,clear sky,0.0,0
118,Ancud,CL,-41.8697,-73.8203,50.23,92,100,17.16,light rain,0.4,0
119,New Norfolk,AU,-42.7826,147.0587,42.3,77,87,1.99,overcast clouds,0.0,0
120,Kavaratti,IN,10.5669,72.642,81.18,78,89,17.72,overcast clouds,0.0,0
121,Desna,UA,50.9273,30.7605,70.86,68,2,3.67,clear sky,0.0,0
122,Neiafu,TO,-18.65,-173.9833,75.88,57,20,9.22,few clouds,0.0,0
123,Arraial Do Cabo,BR,-22.9661,-42.0278,68.88,82,2,15.52,clear sky,0.0,0
124,Hithadhoo,MV,-0.6,73.0833,82.71,72,100,16.22,overcast clouds,0.0,0
125,Nyurba,RU,63.2842,118.3319,53.44,91,100,5.99,light rain,0.17,0
126,Torbay,CA,47.6666,-52.7314,70.75,93,20,12.66,few clouds,0.0,0
127,Lomovka,RU,53.9194,58.3672,59.92,42,83,1.14,broken clouds,0.0,0
128,East London,ZA,-33.0153,27.9116,58.62,72,0,10.38,clear sky,0.0,0
129,Qaanaaq,GL,77.484,-69.3632,38.07,99,100,5.61,light rain,0.29,0
130,Bathsheba,BB,13.2167,-59.5167,81.21,83,40,11.5,scattered clouds,0.0,0
131,Tuatapere,NZ,-46.1333,167.6833,57.81,69,99,11.16,overcast clouds,0.0,0
132,Santiago,CL,-33.4569,-70.6483,47.35,81,75,2.3,broken clouds,0.0,0
133,Sulangan,PH,11.1373,123.7228,82.87,75,95,4.52,overcast clouds,0.0,0
134,Saskylakh,RU,71.9167,114.0833,53.76,60,61,11.16,broken clouds,0.0,0
135,Buraydah,SA,26.326,43.975,90.05,18,0,7.38,clear sky,0.0,0
136,Metro,ID,-5.1131,105.3067,77.49,82,89,4.81,overcast clouds,0.0,0
137,Ushuaia,AR,-54.8,-68.3,42.46,81,40,3.44,scattered clouds,0.0,0
138,Kloulklubed,PW,7.0419,134.2556,86.5,74,70,8.86,broken clouds,0.0,0
139,Gafanha Da Encarnacao,PT,40.6181,-8.733,69.28,66,0,11.86,clear sky,0.0,0
140,Dongsheng,CN,39.8161,109.9776,67.84,63,0,11.63,clear sky,0.0,0
141,Petropavlovsk-Kamchatskiy,RU,53.0452,158.6483,63.19,63,0,6.71,clear sky,0.0,0
142,Namibe,AO,-15.1961,12.1522,65.41,91,47,7.0,scattered clouds,0.0,0
143,Fukue,JP,32.6881,128.8419,75.56,100,75,4.61,light intensity shower rain,0.15,0
144,Isangel,VU,-19.55,169.2667,78.91,50,75,9.22,broken clouds,0.0,0
145,Geraldton,AU,-28.7667,114.6,59.41,44,0,19.57,clear sky,0.0,0
146,Beira,MZ,-19.8436,34.8389,67.28,77,1,7.16,clear sky,0.0,0
147,Thompson,CA,55.7435,-97.8558,68.97,48,68,11.95,broken clouds,0.0,0
148,Manono,CD,-7.3,27.4167,72.32,35,0,3.06,clear sky,0.0,0
149,Pevek,RU,69.7008,170.3133,32.88,98,100,4.81,overcast clouds,0.0,0
150,Cabo San Lucas,MX,22.8909,-109.9124,93.51,66,20,5.75,few clouds,0.0,0
151,Magadan,RU,59.5667,150.8,56.39,93,100,4.25,overcast clouds,0.0,0
152,Santa Cruz,BO,-17.8,-63.1667,72.86,46,1,6.91,clear sky,0.0,0
153,Yeniseysk,RU,58.4497,92.1703,56.57,83,60,3.31,broken clouds,0.0,0
154,Kulu,TR,39.0951,33.0799,62.98,49,0,6.29,clear sky,0.0,0
155,Cidreira,BR,-30.1811,-50.2056,58.03,94,33,3.8,scattered clouds,0.0,0
156,Saldanha,ZA,-33.0117,17.9442,55.76,68,12,11.77,few clouds,0.0,0
157,Brae,GB,60.3964,-1.353,48.11,78,98,17.09,overcast clouds,0.0,0
158,Roald,NO,62.5833,6.1333,58.15,100,75,4.61,broken clouds,0.0,0
159,Anahuac,MX,27.2333,-100.15,96.3,28,11,11.56,few clouds,0.0,0
160,Coquimbo,CL,-29.9533,-71.3436,53.33,76,90,8.05,overcast clouds,0.0,0
161,Micheweni,TZ,-4.9667,39.8333,72.93,86,36,7.65,scattered clouds,0.0,0
162,Ust-Kuyga,RU,70.0167,135.6,49.53,61,100,4.81,overcast clouds,0.0,0
163,Ginir,ET,7.1333,40.7,58.08,74,12,9.24,few clouds,0.0,0
164,Lata,PT,40.1629,-8.3327,62.82,96,2,0.78,clear sky,0.0,0
165,Pierre,US,44.3683,-100.351,99.52,29,1,1.01,clear sky,0.0,0
166,Ponta Delgada,PT,37.7333,-25.6667,74.12,88,40,6.91,scattered clouds,0.0,0
167,Hirado,JP,33.3597,129.5531,72.75,94,100,17.43,overcast clouds,0.0,0
168,Yarada,IN,17.65,83.2667,81.03,79,75,0.54,broken clouds,0.0,0
169,Kahului,US,20.8947,-156.47,85.96,69,40,20.71,light rain,0.16,0
170,Sibolga,ID,1.7427,98.7792,76.26,84,91,3.51,moderate rain,2.73,0
171,Grand-Lahou,CI,5.1367,-5.0242,73.9,86,24,6.51,few clouds,0.0,0
172,Port-Cartier,CA,50.0334,-66.8654,66.74,56,44,8.86,scattered clouds,0.0,0
173,Sopelana,ES,43.3789,-2.9831,66.54,79,75,1.99,broken clouds,0.0,0
174,Weatherford,US,32.7593,-97.7972,88.43,65,49,1.01,scattered clouds,0.0,0
175,Ponta Do Sol,PT,32.6667,-17.1,86.63,46,2,5.26,clear sky,0.0,0
176,Praia,CV,14.9215,-23.5087,79.34,83,75,14.97,broken clouds,0.0,0
177,Cadillac,US,44.2519,-85.4012,74.43,53,1,0.0,clear sky,0.0,0
178,Barmer,IN,25.75,71.3833,79.03,72,52,12.95,broken clouds,0.0,0
179,College,US,64.8569,-147.8028,52.59,93,90,10.36,light rain,0.77,0
180,Yazykovo,RU,55.2199,56.1353,59.2,79,31,3.6,scattered clouds,0.0,0
181,Cayenne,GF,4.9333,-52.3333,78.1,87,0,1.01,clear sky,0.0,0
182,Talnakh,RU,69.4865,88.3972,56.1,93,99,10.89,light rain,0.32,0
183,Tabou,CI,4.423,-7.3528,75.6,76,9,8.19,clear sky,0.0,0
184,Pangnirtung,CA,66.1451,-65.7125,46.9,77,85,2.68,overcast clouds,0.0,0
185,Nouadhibou,MR,20.931,-17.0347,71.58,94,10,9.22,clear sky,0.0,0
186,Avarua,CK,-21.2078,-159.775,75.25,73,90,10.36,light rain,0.13,0
187,Khorramshahr,IR,30.4397,48.1664,85.96,30,0,4.61,clear sky,0.0,0
188,Nagua,DO,19.3832,-69.8474,79.45,91,64,8.43,broken clouds,0.0,0
189,Shihezi,CN,44.3,86.0333,70.81,59,100,1.61,overcast clouds,0.0,0
190,Baruun-Urt,MN,46.6806,113.2792,63.75,72,7,9.08,clear sky,0.0,0
191,Iqaluit,CA,63.7506,-68.5145,46.13,81,75,5.75,broken clouds,0.0,0
192,Dunedin,NZ,-45.8742,170.5036,58.8,33,89,15.01,overcast clouds,0.0,0
193,Alofi,NU,-19.0595,-169.9187,75.09,83,92,16.11,overcast clouds,0.0,0
194,Xinzhi,CN,36.4989,111.7047,75.16,64,3,1.43,clear sky,0.0,0
195,Port Hedland,AU,-20.3167,118.5667,75.25,35,13,3.44,few clouds,0.0,0
196,Rypefjord,NO,70.6333,23.6667,43.27,93,75,5.75,light intensity drizzle,0.0,0
197,Olafsvik,IS,64.8945,-23.7142,53.37,89,100,11.77,overcast clouds,0.0,0
198,Praia Da Vitoria,PT,38.7333,-27.0667,71.76,88,75,4.43,broken clouds,0.0,0
199,Hualmay,PE,-11.0964,-77.6139,62.22,82,45,11.16,scattered clouds,0.0,0
200,Vaitape,PF,-16.5167,-151.75,78.91,75,11,9.19,few clouds,0.0,0
201,Fort Nelson,CA,58.8053,-122.7002,62.19,72,75,13.8,light intensity shower rain,2.93,0
202,Goderich,CA,43.7501,-81.7165,71.56,64,0,3.44,clear sky,0.0,0
203,Novyy Urengoy,RU,66.0833,76.6333,50.0,85,52,13.71,broken clouds,0.0,0
204,Yatou,CN,37.15,122.3833,77.25,79,98,1.81,overcast clouds,0.0,0
205,Port Hueneme,US,34.1478,-119.1951,103.19,59,1,13.8,clear sky,0.0,0
206,Bon Air,US,37.5249,-77.5578,75.42,89,90,1.01,very heavy rain,27.34,0
207,Flin Flon,CA,54.7682,-101.865,78.26,31,80,9.42,broken clouds,0.0,0
208,Lucera,IT,41.5082,15.3351,73.22,36,0,2.75,clear sky,0.0,0
209,Chegdomyn,RU,51.1167,133.0167,68.29,76,40,2.37,scattered clouds,0.0,0
210,Abu Kamal,SY,34.4506,40.9171,85.71,29,0,13.04,clear sky,0.0,0
211,Lumby,CA,50.2498,-118.969,92.19,20,17,1.99,few clouds,0.0,0
212,Portland,US,45.5234,-122.6762,99.9,33,40,3.0,haze,0.0,0
213,Yulara,AU,-25.2406,130.9889,60.64,27,90,12.66,overcast clouds,0.0,0
214,Batemans Bay,AU,-35.7167,150.1833,61.92,39,0,11.59,clear sky,0.0,0
215,Narsaq,GL,60.9167,-46.05,50.22,98,99,4.59,moderate rain,1.11,0
216,Yarim,YE,14.298,44.3779,60.39,56,76,3.89,broken clouds,0.0,0
217,Mawlaik,MM,23.6333,94.4167,76.87,99,100,1.16,overcast clouds,0.0,0
218,Arlit,NE,18.7369,7.3853,94.37,24,95,7.0,overcast clouds,0.0,0
219,Abnub,EG,27.2696,31.1511,84.65,37,0,13.04,clear sky,0.0,0
220,Muravlenko,RU,63.7898,74.523,51.12,87,79,11.32,broken clouds,0.0,0
221,Erdenet,MN,49.0333,104.0833,61.2,84,100,2.57,overcast clouds,0.0,0
222,Pokhara,NP,28.2333,83.9833,70.56,89,82,2.89,broken clouds,0.0,0
223,Corner Brook,CA,48.9667,-57.9484,66.36,97,84,3.51,broken clouds,0.0,0
224,Saint-Philippe,RE,-21.3585,55.7679,63.95,74,87,12.46,light rain,0.13,0
225,Zhanaozen,KZ,43.3,52.8,74.01,24,0,9.1,clear sky,0.0,0
226,Yichun,CN,47.7,128.9,65.32,73,71,0.4,broken clouds,0.0,0
227,Viedma,AR,-40.8135,-62.9967,62.1,25,97,18.05,overcast clouds,0.0,0
228,Srandakan,ID,-7.9386,110.2506,76.96,84,36,10.69,scattered clouds,0.0,0
229,Te Anau,NZ,-45.4167,167.7167,42.82,96,86,10.22,moderate rain,1.97,0
230,Severo-Kurilsk,RU,50.6789,156.125,57.45,84,33,13.76,scattered clouds,0.0,0
231,Villeta,CO,5.0089,-74.4723,71.53,87,92,2.95,overcast clouds,0.0,0
232,Nemuro,JP,43.3236,145.575,57.63,84,28,7.92,scattered clouds,0.0,0
233,Mountain Home,US,43.133,-115.6912,98.08,9,1,14.97,smoke,0.0,0
234,Nikolskoye,RU,59.7035,30.7861,59.02,85,31,10.42,scattered clouds,0.0,0
235,Ridgecrest,US,35.6225,-117.6709,111.06,11,1,1.01,clear sky,0.0,0
236,Shangrao,CN,28.4532,117.9686,77.77,94,99,2.28,overcast clouds,0.0,0
237,General Pico,AR,-35.6566,-63.7568,51.22,46,93,9.8,overcast clouds,0.0,0
238,Vao,NC,-22.6667,167.4833,68.32,60,82,16.93,broken clouds,0.0,0
239,Gat,IL,31.61,34.7642,79.48,100,0,2.62,clear sky,0.0,0
240,Alta Floresta,BR,-9.8756,-56.0861,79.61,46,59,2.44,broken clouds,0.0,0
241,Mega,ET,4.05,38.3,59.68,73,92,17.29,overcast clouds,0.0,0
242,Villa Alemana,CL,-33.0422,-71.3733,52.11,76,90,5.75,overcast clouds,0.0,0
243,Big Spring,US,32.2504,-101.4787,86.27,51,1,6.91,clear sky,0.0,0
244,Kenai,US,60.5544,-151.2583,68.02,52,1,13.8,clear sky,0.0,0
245,Syracuse,IT,37.0881,15.2792,83.62,62,4,4.59,clear sky,0.0,0
246,Fairbanks,US,64.8378,-147.7164,52.61,93,90,1.01,moderate rain,1.1,0
247,Carupano,VE,10.6678,-63.2585,76.53,90,100,5.44,overcast clouds,0.0,0
248,Loralai,PK,30.3705,68.598,73.26,64,4,2.53,clear sky,0.0,0
249,Kodinsk,RU,58.6881,99.1844,57.43,88,77,4.03,broken clouds,0.0,0
250,Sitka,US,57.0531,-135.33,55.29,88,75,0.0,light rain,0.29,0
251,Homer,US,59.6425,-151.5483,60.67,74,1,9.22,clear sky,0.0,0
252,Hamilton,US,39.1834,-84.5333,74.73,73,20,1.01,few clouds,0.0,0
253,Khatanga,RU,71.9667,102.5,58.17,58,99,12.17,overcast clouds,0.0,0
254,Esperance,AU,-33.8667,121.9,49.84,85,0,8.97,clear sky,0.0,0
255,Crato,BR,-7.2342,-39.4094,80.31,47,75,2.3,broken clouds,0.0,0
256,Mataram,ID,-8.5833,116.1167,77.81,75,4,6.64,clear sky,0.0,0
257,Wattegama,LK,6.7989,81.4808,76.23,76,100,3.89,overcast clouds,0.0,0
258,Marawi,PH,7.9986,124.2928,73.65,80,90,0.98,overcast clouds,0.0,0
259,Talcahuano,CL,-36.7167,-73.1167,51.48,93,90,27.63,heavy intensity rain,0.53,0
260,Mbini,GQ,1.574,9.6134,77.41,86,99,8.32,light rain,0.25,0
261,Binahaan,PH,13.9906,121.7581,83.97,72,80,3.49,broken clouds,0.0,0
262,Vardo,NO,70.3705,31.1107,46.13,76,100,17.69,overcast clouds,0.0,0
263,Mount Gambier,AU,-37.8333,140.7667,49.91,93,75,17.27,broken clouds,0.0,0
264,Irituia,BR,-1.7711,-47.4381,74.37,90,71,3.31,broken clouds,0.0,0
265,Bone,DE,51.9669,12.1396,65.62,63,80,4.14,broken clouds,0.0,0
266,Manoleasa,RO,47.9833,27.0667,69.26,50,60,6.76,light rain,0.21,0
267,Tigil,RU,57.8,158.6667,64.78,70,88,13.73,overcast clouds,0.0,0
268,Fethiye,TR,36.6217,29.1164,75.07,36,0,4.76,clear sky,0.0,0
269,Ladario,BR,-19.0047,-57.6017,76.21,37,0,1.92,clear sky,0.0,0
270,Teya,RU,60.3778,92.6267,55.81,77,75,3.38,broken clouds,0.0,0
271,Touros,BR,-5.1989,-35.4608,76.1,77,37,17.6,scattered clouds,0.0,0
272,Kawalu,ID,-7.3817,108.2082,72.55,95,87,1.63,overcast clouds,0.0,0
273,Trairi,BR,-3.2778,-39.2689,78.8,81,44,10.31,scattered clouds,0.0,0
274,Key Largo,US,25.0865,-80.4473,83.01,1,100,10.63,overcast clouds,0.0,0
275,Magdagachi,RU,53.45,125.8,71.47,56,49,1.72,scattered clouds,0.0,0
276,Lavrentiya,RU,65.5833,-171.0,42.33,87,100,5.82,overcast clouds,0.0,0
277,Hirara,JP,24.8,125.2833,84.47,89,40,10.36,scattered clouds,0.0,0
278,Simbahan,PH,6.3032,120.5836,82.74,75,96,7.14,overcast clouds,0.0,0
279,Meulaboh,ID,4.1363,96.1285,75.97,89,100,8.75,heavy intensity rain,4.21,0
280,Gunjur,GM,13.2019,-16.7339,78.87,89,40,5.75,scattered clouds,0.0,0
281,Maragogi,BR,-9.0122,-35.2225,72.39,78,46,8.95,scattered clouds,0.0,0
282,Tautira,PF,-17.7333,-149.15,84.22,76,25,10.76,light rain,0.11,0
283,Sisimiut,GL,66.9395,-53.6735,46.69,87,84,3.11,broken clouds,0.0,0
284,Tolaga Bay,NZ,-38.3667,178.3,57.61,50,1,6.4,clear sky,0.0,0
285,Irece,BR,-11.3042,-41.8558,69.8,48,64,12.1,broken clouds,0.0,0
286,Kushmurun,KZ,52.4503,64.6311,66.83,40,27,2.3,scattered clouds,0.0,0
287,Cowra,AU,-33.8333,148.6833,56.26,70,0,7.85,clear sky,0.0,0
288,Ondjiva,AO,-17.0667,15.7333,63.57,23,0,7.43,clear sky,0.0,0
289,Egvekinot,RU,66.3167,-179.1667,46.94,62,87,5.57,overcast clouds,0.0,0
290,Mantua,IT,45.1667,10.7833,79.84,82,0,3.0,clear sky,0.0,0
291,Luderitz,NA,-26.6481,15.1594,55.8,69,2,9.04,clear sky,0.0,0
292,Vulcanesti,MD,45.6842,28.4028,67.53,64,0,3.22,clear sky,0.0,0
293,Xichang,CN,27.8964,102.2634,67.06,91,97,1.28,overcast clouds,0.0,0
294,Oksfjord,NO,70.2396,22.3479,46.47,82,94,4.25,overcast clouds,0.0,0
295,Thessalon,CA,46.2501,-83.5666,75.69,72,1,7.34,clear sky,0.0,0
296,Yerbogachen,RU,61.2767,108.0108,58.21,84,97,10.96,overcast clouds,0.0,0
297,Dinar,TR,38.065,30.1656,62.56,48,0,5.35,clear sky,0.0,0
298,Batouri,CM,4.4333,14.3667,67.46,98,72,0.74,moderate rain,1.07,0
299,Vanimo,PG,-2.6741,141.3028,83.52,69,77,6.04,broken clouds,0.0,0
300,Tromso,NO,69.6496,18.957,50.65,76,75,12.66,broken clouds,0.0,0
301,Roros,NO,62.5747,11.3842,48.04,87,90,2.3,overcast clouds,0.0,0
302,Makrana,IN,27.05,74.7167,79.95,63,5,10.47,clear sky,0.0,0
303,Sinnamary,GF,5.3833,-52.95,75.43,86,94,9.78,overcast clouds,0.0,0
304,Saveh,IR,35.0213,50.3566,80.24,21,1,5.1,clear sky,0.0,0
305,Fortuna,US,40.5982,-124.1573,69.93,69,90,1.99,overcast clouds,0.0,0
306,Zilair,RU,52.2332,57.4392,62.44,30,98,1.61,overcast clouds,0.0,0
307,Nuuk,GL,64.1835,-51.7216,47.01,100,90,12.66,light intensity shower rain,0.4,0
308,Okhotsk,RU,59.3833,143.3,64.26,83,91,3.51,overcast clouds,0.0,0
309,Diapaga,BF,12.0708,1.7889,74.23,88,66,5.06,broken clouds,0.0,0
310,Sayan,PE,-11.1361,-77.1933,67.62,62,16,2.42,few clouds,0.0,0
311,Ouadda,CF,8.0777,22.4007,66.88,97,96,2.01,overcast clouds,0.0,0
312,Talara,PE,-4.5772,-81.2719,64.02,87,33,14.76,scattered clouds,0.0,0
313,San Quintin,MX,30.4833,-115.95,73.94,74,23,10.31,few clouds,0.0,0
314,Abalak,RU,58.1286,68.5944,56.03,84,68,3.24,broken clouds,0.0,0
315,Burnie,AU,-41.0667,145.9167,45.19,88,97,19.53,overcast clouds,0.0,0
316,Kropotkin,RU,45.4375,40.5756,67.19,84,98,2.3,overcast clouds,0.0,0
317,Ukiah,US,39.1502,-123.2078,111.13,20,1,8.05,clear sky,0.0,0
318,Tumbes,PE,-3.5667,-80.4414,73.0,86,75,6.33,broken clouds,0.0,0
319,Venice,US,27.0998,-82.4543,79.99,94,20,1.99,light rain,0.75,0
320,Biltine,TD,14.5333,20.9167,78.75,68,82,2.21,broken clouds,0.0,0
321,Saint George,US,37.1041,-113.5841,105.64,20,1,5.01,clear sky,0.0,0
322,Chicama,PE,-7.8447,-79.1469,61.34,80,47,7.34,scattered clouds,0.0,0
323,Arteaga,MX,18.4667,-102.4167,70.74,93,79,3.65,broken clouds,0.0,0
324,Nishihara,JP,26.1842,127.7558,85.28,84,75,8.05,broken clouds,0.0,0
325,Northam,GB,51.0333,-4.2167,61.66,87,67,13.09,broken clouds,0.0,0
326,Sao Jose Da Coroa Grande,BR,-8.8978,-35.1478,72.77,77,52,10.04,broken clouds,0.0,0
327,Fort Frances,CA,48.5999,-93.4003,88.02,39,1,4.0,clear sky,0.0,0
328,Riyadh,SA,24.6877,46.7219,87.94,18,5,7.2,clear sky,0.0,0
329,Port-Gentil,GA,-0.7193,8.7815,76.62,84,84,13.31,broken clouds,0.0,0
330,Saint-Augustin,CA,51.226,-58.6502,62.38,78,53,11.25,broken clouds,0.0,0
331,Pentecoste,BR,-3.7928,-39.2703,79.68,80,70,4.63,broken clouds,0.0,0
332,Manaus,BR,-3.1019,-60.025,81.09,78,0,1.14,clear sky,0.0,0
333,Imbituba,BR,-28.24,-48.6703,64.29,97,40,3.33,scattered clouds,0.0,0
334,Rovaniemi,FI,66.5,25.7167,51.21,93,90,13.8,light intensity shower rain,0.1,0
335,Pionerskiy,RU,54.9508,20.2275,55.24,84,64,11.25,broken clouds,0.0,0
336,Ahipara,NZ,-35.1667,173.1667,58.41,70,27,8.59,scattered clouds,0.0,0
337,Segou,ML,13.4317,-6.2157,77.49,77,99,7.99,overcast clouds,0.0,0
338,Lindi,TZ,-10.0,39.7167,66.18,96,3,4.65,clear sky,0.0,0
339,Lake Havasu City,US,34.4839,-114.3224,108.25,25,1,3.0,clear sky,0.0,0
340,Komsomolskiy,UZ,40.4272,71.7189,66.92,30,0,4.61,clear sky,0.0,0
341,Ust-Shonosha,RU,61.1531,41.343,57.33,97,100,8.3,light rain,0.35,0
342,Xiangxiang,CN,27.7333,112.5333,75.02,92,88,1.9,overcast clouds,0.0,0
343,Khandyga,RU,62.6667,135.6,69.89,69,90,4.43,overcast clouds,0.0,0
344,Jinchang,CN,38.4953,102.1739,69.26,62,8,11.39,clear sky,0.0,0
345,Kalinagar,IN,28.6167,80.1,77.36,88,90,4.07,overcast clouds,0.0,0
346,Ambilobe,MG,-13.2,49.05,66.85,79,10,3.96,clear sky,0.0,0
347,Port Elizabeth,ZA,-33.918,25.5701,55.69,94,0,2.3,clear sky,0.0,0
348,Samarai,PG,-10.6167,150.6667,79.25,84,31,14.52,scattered clouds,0.0,0
349,Sibut,CF,5.718,19.0739,69.96,98,100,2.3,moderate rain,2.24,0
350,Husavik,IS,66.0449,-17.3389,48.11,85,57,2.75,broken clouds,0.0,0
351,Half Moon Bay,US,37.4636,-122.4286,96.12,71,1,6.91,clear sky,0.0,0
352,Palauig,PH,15.435,119.9045,82.02,74,80,1.19,broken clouds,0.0,0
353,Quatre Cocos,MU,-20.2078,57.7625,68.11,74,98,15.05,light rain,0.31,0
354,Kutum,SD,14.2,24.6667,77.27,58,88,3.24,overcast clouds,0.0,0
355,Dabrowa Tarnowska,PL,50.1746,20.9863,68.68,86,46,5.53,scattered clouds,0.0,0
356,Zhigansk,RU,66.7697,123.3711,54.46,53,100,6.58,overcast clouds,0.0,0
357,Trinidad,BO,-14.8333,-64.9,77.31,40,8,3.4,clear sky,0.0,0
358,Waipawa,NZ,-41.4122,175.5153,54.23,67,33,20.22,scattered clouds,0.0,0
359,Qorveh,IR,35.1664,47.8045,67.53,28,0,7.99,clear sky,0.0,0
360,Loei,TH,17.4167,101.5,67.37,98,100,2.68,overcast clouds,0.0,0
361,Truth Or Consequences,US,33.1284,-107.2528,82.63,47,1,0.0,clear sky,0.0,0
362,Shitanjing,CN,39.2342,106.3439,68.04,62,49,16.13,scattered clouds,0.0,0
363,Izumo,JP,35.3667,132.7667,73.35,94,75,3.44,broken clouds,0.0,0
364,Gusinoye Ozero,RU,51.1144,106.2614,69.58,72,98,2.82,overcast clouds,0.0,0
365,Shache,CN,38.4167,77.2406,69.03,28,99,1.9,overcast clouds,0.0,0
366,Fort-Shevchenko,KZ,44.5086,50.263,80.2,41,1,8.43,clear sky,0.0,0
367,Najran,SA,17.4924,44.1277,83.05,20,96,3.13,overcast clouds,0.0,0
368,Airai,TL,-8.9266,125.4092,68.0,57,15,5.08,few clouds,0.0,0
369,Merauke,ID,-8.4667,140.3333,79.84,76,90,14.27,overcast clouds,0.0,0
370,Inhambane,MZ,-23.865,35.3833,63.64,77,6,7.38,clear sky,0.0,0
371,Balikpapan,ID,-1.2675,116.8289,76.12,90,100,3.76,light rain,0.87,0
372,Aksu,CN,41.1231,80.2644,67.86,43,91,5.68,overcast clouds,0.0,0
373,Buala,SB,-8.145,159.5921,79.65,83,98,4.92,light rain,0.8,0
374,Letka,RU,59.6011,49.4232,56.8,72,73,7.29,broken clouds,0.0,0
375,Farah,AF,32.5,62.5,71.26,18,0,4.18,clear sky,0.0,0
376,Lakeside,US,30.13,-81.7682,83.01,74,1,1.99,clear sky,0.0,0
377,Carnarvon,AU,-24.8667,113.6333,64.47,75,45,6.91,scattered clouds,0.0,0
378,Moba,CN,33.2288,105.0179,60.15,99,100,4.32,overcast clouds,0.0,0
379,Curup,ID,-3.4667,102.5333,68.29,96,90,4.07,overcast clouds,0.0,0
380,Victoria,HK,22.2855,114.1577,87.96,86,48,4.83,scattered clouds,0.0,0
381,Dingle,PH,10.9995,122.6711,81.59,80,78,5.08,light rain,0.27,0
382,Nalut,LY,30.3333,10.85,81.79,28,0,9.17,clear sky,0.0,0
383,Pervomayskoye,RU,43.919,46.7102,71.78,77,71,7.54,broken clouds,0.0,0
384,Berlevag,NO,70.8578,29.0864,45.57,81,98,13.49,overcast clouds,0.0,0
385,Nabire,ID,-3.3667,135.4833,81.05,77,53,1.21,broken clouds,0.0,0
386,Blythe,US,33.6103,-114.5964,104.04,26,91,7.85,overcast clouds,0.0,0
387,Mulheim,GY,6.6072,-57.8881,75.52,85,82,7.72,light rain,0.37,0
388,Kaihua,CN,23.3687,104.28,66.83,98,99,3.11,moderate rain,1.54,0
389,Kabanjahe,ID,3.1001,98.4908,63.36,99,100,2.19,light rain,0.69,0
390,Zyryanovsk,KZ,49.7386,84.2719,51.28,87,2,0.51,clear sky,0.0,0
391,Makakilo City,US,21.3469,-158.0858,89.92,44,1,6.91,clear sky,0.0,0
392,Nyahururu,KE,0.0421,36.3673,52.07,86,99,2.51,overcast clouds,0.0,0
393,Atambua,ID,-9.1061,124.8925,79.03,59,16,4.09,few clouds,0.0,0
394,Norman Wells,CA,65.282,-126.8329,59.04,77,75,2.3,light rain,0.22,0
395,Machaneng,BW,-23.1862,27.4886,53.44,78,0,5.97,clear sky,0.0,0
396,Lerwick,GB,60.1545,-1.1494,48.2,77,93,16.73,overcast clouds,0.0,0
397,Grimmen,DE,54.1121,13.0405,59.58,87,84,6.71,broken clouds,0.0,0
398,Pisco,PE,-13.7,-76.2167,62.65,77,0,11.5,clear sky,0.0,0
399,Haines Junction,CA,60.7522,-137.5108,64.35,39,62,6.91,broken clouds,0.0,0
400,Aitape,PG,-3.1374,142.3475,84.33,67,58,2.77,broken clouds,0.0,0
401,Pascagoula,US,30.3658,-88.5561,82.51,86,35,9.6,scattered clouds,0.0,0
402,Rudbar,AF,30.15,62.6,76.68,18,0,10.67,clear sky,0.0,0
403,Adrar,MR,20.5022,-10.0711,93.7,16,41,8.01,scattered clouds,0.0,0
404,Kruisfontein,ZA,-34.0033,24.7314,53.33,58,0,6.49,clear sky,0.0,0
405,Kasongo-Lunda,CD,-6.4667,16.8167,82.58,39,88,2.01,overcast clouds,0.0,0
406,Tazovskiy,RU,67.4667,78.7,46.58,85,99,20.09,overcast clouds,0.0,0
407,Olinda,BR,-8.0089,-34.8553,73.13,68,40,10.36,scattered clouds,0.0,0
408,Caravelas,BR,-17.7125,-39.2481,69.85,87,11,5.41,few clouds,0.0,0
409,Poya,NC,-21.35,165.15,72.81,60,76,7.63,broken clouds,0.0,0
410,Miami,US,25.7743,-80.1937,85.01,79,90,3.0,overcast clouds,0.0,0
411,Bilma,NE,18.6853,12.9164,92.89,29,25,8.08,scattered clouds,0.0,0
412,Azul,AR,-36.777,-59.8585,45.63,82,7,6.67,clear sky,0.0,0
413,North Bend,US,43.4065,-124.2243,76.24,78,90,12.66,overcast clouds,0.0,0
414,Beringovskiy,RU,63.05,179.3167,46.56,89,100,5.88,light rain,0.26,0
415,Sorland,NO,67.667,12.6934,51.89,78,100,20.38,overcast clouds,0.0,0
416,Itarema,BR,-2.9248,-39.9167,77.61,83,20,9.93,few clouds,0.0,0
417,Oyama,JP,36.3,139.8,71.49,89,100,3.51,light rain,0.61,0
418,Clyde River,CA,70.4692,-68.5914,44.28,78,97,0.78,overcast clouds,0.0,0
419,Parrita,CR,9.5201,-84.3225,80.51,88,84,4.12,light rain,0.65,0
420,Boras,SE,57.721,12.9401,56.82,96,100,3.6,overcast clouds,0.0,0
421,Sampit,ID,-2.5333,112.95,75.7,95,98,3.04,overcast clouds,0.0,0
422,Bloemhof,ZA,-27.6469,25.607,49.68,80,6,8.88,clear sky,0.0,0
423,Pontes E Lacerda,BR,-15.2261,-59.3353,77.88,37,6,2.08,clear sky,0.0,0
424,Oussouye,SN,12.485,-16.5469,80.69,88,100,2.75,overcast clouds,0.0,0
425,Callaway,US,30.153,-85.5699,84.25,75,40,4.0,scattered clouds,0.0,0
426,Mailsi,PK,29.8003,72.1758,87.91,44,42,6.38,scattered clouds,0.0,0
427,Klaksvik,FO,62.2266,-6.589,45.52,74,36,7.58,scattered clouds,0.0,0
428,Strezhevoy,RU,60.7333,77.5889,53.58,77,23,4.41,few clouds,0.0,0
429,Nanortalik,GL,60.1432,-45.2371,48.76,98,100,12.03,light rain,1.0,0
430,Cloquet,US,46.7216,-92.4594,81.99,42,1,8.05,clear sky,0.0,0
431,Huarmey,PE,-10.0681,-78.1522,63.46,83,51,10.11,broken clouds,0.0,0
432,Korla,CN,41.7597,86.1469,72.59,39,100,2.42,overcast clouds,0.0,0
433,Tatarsk,RU,55.219,75.9828,59.2,78,59,3.4,broken clouds,0.0,0
434,Buin,CL,-33.7333,-70.75,48.24,74,100,1.86,overcast clouds,0.0,0
435,Katobu,ID,-4.9408,122.5276,79.11,81,13,4.43,few clouds,0.0,0
436,Hue,VN,16.4667,107.6,84.31,74,20,2.3,few clouds,0.0,0
437,Chumikan,RU,54.7183,135.315,71.62,59,22,18.68,few clouds,0.0,0
438,Coari,BR,-4.085,-63.1414,78.48,68,64,3.02,broken clouds,0.0,0
439,Sechura,PE,-5.5569,-80.8222,67.14,72,46,15.84,scattered clouds,0.0,0
440,Saint-Pierre,RE,-21.3393,55.4781,64.04,82,75,8.05,light rain,0.13,0
441,Craig,US,40.5153,-107.5464,84.96,17,1,9.22,clear sky,0.0,0
442,Grand Gaube,MU,-20.0064,57.6608,68.4,74,83,4.0,broken clouds,0.0,0
443,Belaya Gora,RU,68.5333,146.4167,53.33,49,100,9.44,overcast clouds,0.0,0
444,Taft,IR,31.7471,54.2088,78.75,13,20,4.61,few clouds,0.0,0
445,Boende,CD,-0.2167,20.8667,73.98,77,48,2.66,scattered clouds,0.0,0
446,Pangai,TO,-19.8,-174.35,75.31,57,20,13.8,few clouds,0.0,0
447,Vila,PT,42.0304,-8.1588,56.7,76,0,5.66,clear sky,0.0,0
448,Tres Rios,BR,-22.1167,-43.2092,65.12,86,6,2.62,clear sky,0.0,0
449,Turukhansk,RU,65.8167,87.9833,54.84,92,81,7.07,broken clouds,0.0,0
450,San Francisco Del Mar,MX,16.2333,-94.65,86.72,68,54,9.08,broken clouds,0.0,0
451,Lagoa,PT,39.05,-27.9833,71.28,82,99,9.57,overcast clouds,0.0,0
452,Bandarbeyla,SO,9.4942,50.8122,76.86,77,48,29.3,scattered clouds,0.0,0
453,Acapulco,MX,16.8634,-99.8901,85.82,74,90,4.61,overcast clouds,0.0,0
454,Bonthe,SL,7.5264,-12.505,76.46,85,100,7.43,light rain,0.51,0
455,Katsuura,JP,35.1333,140.3,71.64,88,100,13.18,overcast clouds,0.0,0
456,Tura,IN,25.5198,90.2201,74.46,98,99,5.19,overcast clouds,0.0,0
457,Chute-Aux-Outardes,CA,49.1168,-68.399,62.91,67,1,5.75,clear sky,0.0,0
458,Tocopilla,CL,-22.092,-70.1979,61.52,71,19,6.78,few clouds,0.0,0
459,Romny,UA,50.751,33.4747,64.87,57,3,2.21,clear sky,0.0,0
460,Thenzawl,IN,23.3167,92.75,69.24,100,100,0.85,heavy intensity rain,8.24,0
461,Moose Factory,CA,51.2585,-80.6094,77.0,53,90,12.66,overcast clouds,0.0,0
462,Manokwari,ID,-0.8667,134.0833,82.9,69,39,6.2,scattered clouds,0.0,0
463,Zlobin,HR,45.2924,14.6541,69.1,69,0,3.76,clear sky,0.0,0
464,Kupang,ID,-10.1667,123.5833,82.98,69,20,17.27,few clouds,0.0,0
465,Marsh Harbour,BS,26.5412,-77.0636,82.47,80,98,18.45,overcast clouds,0.0,0
466,Kayerkan,RU,69.3497,87.7602,53.92,94,100,15.08,light rain,0.37,0
467,Mitsamiouli,KM,-11.3847,43.2844,76.51,73,8,7.09,clear sky,0.0,0
468,Marsa Matruh,EG,31.3525,27.2453,77.47,67,0,5.79,clear sky,0.0,0
469,Jackson,US,42.4165,-122.8345,101.17,31,1,10.36,smoke,0.0,0
470,Los Llanos De Aridane,ES,28.6585,-17.9182,71.35,83,0,14.97,clear sky,0.0,0
471,Cabedelo,BR,-6.9811,-34.8339,74.07,80,41,14.56,scattered clouds,0.0,0
472,Laguna,US,38.421,-121.4238,105.13,31,1,6.91,haze,0.0,0
473,Xuddur,SO,4.1213,43.8894,69.37,78,40,17.58,scattered clouds,0.0,0
474,Port Said,EG,31.2565,32.2841,82.89,65,0,8.12,clear sky,0.0,0
475,Pulandian,CN,39.3953,121.9669,78.93,77,97,6.24,overcast clouds,0.0,0
476,Akyab,MM,20.15,92.9,80.24,88,100,10.69,overcast clouds,0.0,0
477,Margate,GB,51.3813,1.3862,63.91,81,57,1.99,broken clouds,0.0,0
478,Camacha,PT,33.0833,-16.3333,83.16,88,20,12.66,few clouds,0.0,0
479,Chitungwiza,ZW,-18.0127,31.0756,49.44,83,19,5.73,few clouds,0.0,0
480,Mabaruma,GY,8.2,-59.7833,72.9,97,90,2.91,overcast clouds,0.0,0
481,Badulla,LK,6.9895,81.0557,69.17,80,100,4.72,overcast clouds,0.0,0
482,Pacific Grove,US,36.6177,-121.9166,95.61,85,1,3.0,clear sky,0.0,0
483,Mayskiy,RU,47.6931,40.1025,65.61,86,100,4.07,overcast clouds,0.0,0
484,Taihe,CN,30.8712,105.3845,73.62,86,99,3.18,overcast clouds,0.0,0
485,Sao Joao Da Barra,BR,-21.6403,-41.0511,69.46,78,91,11.01,overcast clouds,0.0,0
486,Shitkino,RU,56.3703,98.3543,57.11,77,98,4.09,overcast clouds,0.0,0
487,Chalus,IR,36.655,51.4204,76.46,78,20,4.61,few clouds,0.0,0
488,Wanning,CN,18.8003,110.3967,82.65,86,70,9.82,broken clouds,0.0,0
489,Tierra Colorada,MX,17.1667,-99.5833,82.96,93,62,2.48,broken clouds,0.0,0
490,Pinawa,CA,50.1489,-95.8811,93.69,23,64,5.7,broken clouds,0.0,0
491,Tuy Hoa,VN,13.0833,109.3,77.61,79,97,5.01,overcast clouds,0.0,0
492,Masyaf,SY,35.0653,36.3406,73.45,73,0,7.96,clear sky,0.0,0
493,Lodwar,KE,3.1191,35.5973,84.24,41,93,8.9,overcast clouds,0.0,0
494,Keflavik,IS,64.0049,-22.5624,51.71,100,90,10.36,light intensity drizzle,0.0,0
495,Poltava,UA,49.5937,34.5407,64.13,47,26,6.04,scattered clouds,0.0,0
496,Rio Grande,BR,-32.035,-52.0986,56.95,85,2,4.12,clear sky,0.0,0
497,Mahenge,TZ,-8.6833,36.7167,58.46,77,38,1.41,scattered clouds,0.0,0
498,Murchison,NZ,-41.8,172.3333,48.56,88,97,3.0,overcast clouds,0.0,0
499,Christchurch,NZ,-43.5333,172.6333,61.0,41,9,9.22,clear sky,0.0,0
500,Tonj,SS,7.2737,28.6822,70.29,88,99,3.69,overcast clouds,0.0,0
501,Ahuimanu,US,21.4447,-157.8378,91.11,55,20,14.97,few clouds,0.0,0
502,Huron,US,41.1501,-82.5499,71.04,82,76,7.63,broken clouds,0.0,0
503,Locri,IT,38.2414,16.2623,82.81,59,0,11.68,clear sky,0.0,0
504,Champerico,GT,14.3,-91.9167,83.35,84,78,6.11,broken clouds,0.0,0
505,Dukat,RU,62.55,155.55,60.82,53,50,5.7,scattered clouds,0.0,0
506,Ciudad Del Maiz,MX,22.4,-99.6,77.54,52,13,11.18,few clouds,0.0,0
507,Hadejia,NG,12.4498,10.0444,76.69,83,96,5.26,light rain,0.63,0
508,Acari,PE,-15.4311,-74.6158,65.05,70,30,4.65,scattered clouds,0.0,0
509,Zapolyarnyy,RU,69.4154,30.8136,42.08,84,100,12.64,overcast clouds,0.0,0
510,Faya,SA,18.3851,42.4509,69.91,57,97,4.32,overcast clouds,0.0,0
511,Cap Malheureux,MU,-19.9842,57.6142,68.49,74,77,4.0,broken clouds,0.0,0
512,Singaraja,ID,-8.112,115.0882,79.68,73,4,2.68,clear sky,0.0,0
513,Libreville,GA,0.3925,9.4537,78.82,83,40,8.05,scattered clouds,0.0,0
514,Kroya,ID,-7.6331,109.2461,76.71,89,67,8.05,broken clouds,0.0,0
515,Vanavara,RU,60.34,102.2797,57.15,81,33,3.8,scattered clouds,0.0,0
516,Vostok,RU,46.4856,135.8833,67.64,64,63,2.04,broken clouds,0.0,0
517,Itaituba,BR,-4.2761,-55.9836,77.97,74,93,1.14,overcast clouds,0.0,0
518,Yakima,US,46.4665,-120.6678,103.53,18,1,4.61,smoke,0.0,0
519,Wasilla,US,61.5814,-149.4394,64.72,51,90,3.44,overcast clouds,0.0,0
520,Honningsvag,NO,70.9821,25.9704,45.72,79,100,12.48,overcast clouds,0.0,0
521,Avera,US,33.194,-82.5271,82.74,80,100,5.97,overcast clouds,0.0,0
522,Comodoro Rivadavia,AR,-45.8667,-67.5,53.46,47,0,11.5,clear sky,0.0,0
523,Snezhnogorsk,RU,69.1933,33.2531,44.38,83,100,13.89,overcast clouds,0.0,0
524,Robinson,US,31.4677,-97.1147,84.81,77,1,4.61,clear sky,0.0,0
525,Krasnovka,RU,48.8177,40.0923,69.4,68,100,0.74,overcast clouds,0.0,0
526,Tema,GH,5.667,-0.0166,76.28,80,75,10.69,broken clouds,0.0,0
527,Blagoyevo,RU,63.3667,47.9167,58.39,94,100,7.23,light rain,0.21,0
528,Paragominas,BR,-2.9667,-47.4833,75.65,71,66,3.98,broken clouds,0.0,0
529,Rundu,NA,-17.9333,19.7667,59.16,35,0,6.49,clear sky,0.0,0
530,Opuwo,NA,-18.0607,13.84,63.07,55,0,4.27,clear sky,0.0,0
531,Sigli,ID,5.3848,95.9609,77.43,80,99,3.83,overcast clouds,0.0,0
532,Hami,CN,42.8,93.45,76.15,41,100,5.97,overcast clouds,0.0,0
533,Takoradi,GH,4.8845,-1.7554,74.89,84,63,8.59,broken clouds,0.0,0
534,Ganzhou,CN,28.8184,115.4327,75.58,98,100,1.45,overcast clouds,0.0,0
535,Nagornyy,RU,52.7959,83.5498,60.15,90,60,2.21,broken clouds,0.0,0
536,Naze,JP,28.3667,129.4833,83.32,81,95,10.89,overcast clouds,0.0,0
537,Taoudenni,ML,22.6783,-3.9836,101.5,10,79,2.77,broken clouds,0.0,0
538,Peniche,PT,39.3558,-9.3811,67.48,88,0,15.73,clear sky,0.0,0
539,Abha,SA,18.2164,42.5053,69.62,68,0,0.0,clear sky,0.0,0
540,Tonantins,BR,-2.8731,-67.8022,74.26,91,99,3.15,overcast clouds,0.0,0
541,Ketchikan,US,55.3422,-131.6461,60.98,60,70,6.71,broken clouds,0.0,0
542,Curug,ID,-6.2658,106.5564,78.58,78,20,2.3,haze,0.0,0
543,Solnechnyy,RU,50.7214,136.6319,72.37,61,5,3.22,clear sky,0.0,0
544,Tilichiki,RU,60.4667,166.1,58.75,70,96,6.13,overcast clouds,0.0,0
545,Campos Altos,BR,-19.6961,-46.1714,67.71,36,73,2.91,broken clouds,0.0,0
546,Poum,NC,-20.2333,164.0167,72.82,63,91,21.41,overcast clouds,0.0,0
547,Padang,ID,-0.9492,100.3543,77.38,85,100,3.62,overcast clouds,0.0,0
548,Bolitoc,PH,15.7395,119.8769,81.72,74,87,1.12,overcast clouds,0.0,0
549,Longyearbyen,SJ,78.2186,15.6401,37.24,87,75,6.91,broken clouds,0.0,0
550,Pahrump,US,36.2083,-115.9839,107.44,16,6,4.0,clear sky,0.0,0
551,Necochea,AR,-38.5473,-58.7368,48.04,67,68,9.95,broken clouds,0.0,0
552,Bara,NG,10.3744,10.7288,73.44,92,98,5.73,light rain,0.69,0
553,Qui Nhon,VN,13.7667,109.2333,78.03,73,75,2.26,broken clouds,0.0,0
554,Smidovich,RU,48.6,133.8167,70.88,67,13,6.35,few clouds,0.0,0
555,Rocha,UY,-34.4833,-54.3333,51.13,100,67,2.46,broken clouds,0.0,0
556,Polunochnoye,RU,60.8697,60.4153,55.74,80,58,4.14,broken clouds,0.0,0
557,Blyth,GB,55.1271,-1.5086,57.47,89,0,9.22,clear sky,0.0,0
558,Yangcun,CN,39.3639,117.0603,75.18,82,90,3.62,overcast clouds,0.0,0
559,Moscow,RU,55.7522,37.6156,68.14,79,85,6.44,overcast clouds,0.0,0
560,Chitral,PK,35.8462,71.7858,67.3,60,2,0.92,clear sky,0.0,0
561,Alto Piquiri,BR,-24.0281,-53.4406,70.9,52,55,4.7,broken clouds,0.0,0
562,Tomatlan,MX,19.9333,-105.25,85.01,81,82,7.16,broken clouds,0.0,0
563,Gisborne,NZ,-38.6533,178.0042,58.95,51,3,12.59,clear sky,0.0,0
564,Burley,US,42.5357,-113.7928,92.64,32,1,8.05,haze,0.0,0
565,Belle Fourche,US,44.6714,-103.8522,98.06,8,2,15.3,clear sky,0.0,0
566,Nosy Varika,MG,-20.5833,48.5333,61.45,89,54,7.18,light rain,0.25,0
567,Huilong,CN,31.8111,121.655,82.04,90,64,10.78,broken clouds,0.0,0
568,Flinders,AU,-34.5833,150.8552,67.17,42,0,4.0,clear sky,0.0,0
569,Port Lincoln,AU,-34.7333,135.8667,55.56,72,100,8.48,overcast clouds,0.0,0
570,Jablah,SY,35.3614,35.9256,79.09,78,40,9.22,scattered clouds,0.0,0
571,Orahovac,XK,42.3994,20.6547,72.91,42,0,2.46,clear sky,0.0,0
572,Malakal,SS,9.5334,31.6605,70.99,92,72,3.51,broken clouds,0.0,0
573,Coahuayana,MX,18.7333,-103.6833,89.08,75,79,4.5,broken clouds,0.0,0
574,Oktyabrskiy,RU,54.4815,53.471,62.17,43,30,2.8,scattered clouds,0.0,0
575,Alice Springs,AU,-23.7,133.8833,60.35,25,0,9.22,clear sky,0.0,0
576,Portarlington,IE,53.1622,-7.1911,55.71,85,51,1.99,broken clouds,0.0,0
577,Coihaique,CL,-45.5752,-72.0662,41.34,98,100,4.88,light rain,0.95,0
578,Arrifes,PT,37.7667,-25.7,71.85,88,40,6.91,scattered clouds,0.0,0
579,Jiuquan,CN,39.7432,98.5174,75.76,28,29,12.82,scattered clouds,0.0,0
580,Tyumentsevo,RU,53.3224,81.498,56.43,85,52,1.12,broken clouds,0.0,0
581,Navahrudak,BY,53.6,25.8333,57.6,89,62,2.75,broken clouds,0.0,0
582,Binika,IN,21.0333,83.8,77.9,92,100,1.97,overcast clouds,0.0,0
583,Holme,DK,56.1138,10.1725,54.97,94,100,5.37,overcast clouds,0.0,0
584,Poso,ID,-1.3959,120.7524,81.36,67,11,4.85,few clouds,0.0,0
585,Dakar,SN,14.6937,-17.4441,79.68,100,75,0.0,broken clouds,0.0,0
586,Miracema Do Tocantins,BR,-9.5618,-48.3967,77.52,22,6,3.69,clear sky,0.0,0
587,Roma,US,43.2128,-75.4557,68.43,69,1,5.75,clear sky,0.0,0
588,Anito,PH,12.4497,125.2886,82.69,77,100,3.38,overcast clouds,0.0,0
589,Luena,AO,-11.7833,19.9167,58.48,34,12,5.32,few clouds,0.0,0
590,Rawson,AR,-43.3002,-65.1023,59.02,30,98,17.74,overcast clouds,0.0,0
591,Vera Cruz,BR,-12.6333,-41.0333,71.17,58,7,5.75,clear sky,0.0,0
592,Troy,US,42.6056,-83.1499,75.13,58,1,8.05,clear sky,0.0,0
593,Sur,OM,22.5667,59.5289,85.24,64,27,4.94,scattered clouds,0.0,0
594,Codrington,AU,-38.2667,141.9667,51.75,77,82,20.62,broken clouds,0.0,0
595,Beberibe,BR,-4.1797,-38.1306,80.64,81,80,15.93,broken clouds,0.0,0
596,Eureka,US,40.8021,-124.1637,70.2,80,68,4.0,broken clouds,0.0,0
597,Batsfjord,NO,70.6345,29.7185,45.23,83,100,12.66,overcast clouds,0.0,0
598,Muros,ES,42.7762,-9.0603,66.24,83,1,10.49,clear sky,0.0,0
599,Kisangani,CD,0.5167,25.2,71.44,90,58,1.59,broken clouds,0.0,0
600,The Pas,CA,53.8251,-101.2541,78.82,36,1,8.72,clear sky,0.0,0
601,Sakakah,SA,29.9697,40.2064,87.37,19,0,12.64,clear sky,0.0,0
602,Yurimaguas,PE,-5.9,-76.0833,79.79,67,90,2.59,overcast clouds,0.0,0
603,Urusha,RU,54.05,122.9,68.88,57,7,2.95,clear sky,0.0,0
604,Lukovetskiy,RU,64.2956,41.9211,55.38,98,91,6.24,overcast clouds,0.0,0
605,Mosquera,CO,4.7059,-74.2302,53.87,87,63,2.62,broken clouds,0.0,0
606,Bam,IR,29.106,58.357,86.54,13,5,8.03,clear sky,0.0,0
607,Nuoro,IT,40.3211,9.3297,72.79,40,4,3.91,clear sky,0.0,0
608,Paita,PE,-5.0892,-81.1144,64.87,81,20,16.24,few clouds,0.0,0
609,Cruzeiro,BR,-22.5761,-44.9628,71.56,81,31,0.65,scattered clouds,0.0,0
610,Carnot,CF,4.9409,15.8665,69.39,96,82,1.1,broken clouds,0.0,0
611,Mazara Del Vallo,IT,37.6641,12.588,83.93,83,0,3.74,clear sky,0.0,0
612,Cockburn Town,TC,21.4612,-71.1419,82.36,78,40,13.8,scattered clouds,0.0,0
613,Ouesso,CG,1.6136,16.0517,71.67,87,54,1.59,light rain,0.23,0
614,Tevaitoa,PF,-16.7833,-151.5,78.71,75,9,9.98,light rain,0.12,0
615,King City,US,36.2127,-121.126,106.43,18,0,16.28,clear sky,0.0,0
616,Batticaloa,LK,7.7102,81.6924,79.54,74,100,4.9,overcast clouds,0.0,0
617,Ashtian,IR,34.5217,50.0019,67.01,22,0,13.22,clear sky,0.0,0
618,Yumen,CN,40.2833,97.2,72.3,35,38,18.16,scattered clouds,0.0,0
619,La Carolina,ES,38.2756,-3.6153,91.72,19,58,3.22,broken clouds,0.0,0
620,Ippy,CF,6.2679,21.2247,67.91,99,100,1.99,moderate rain,2.06,0
621,Chapadinha,BR,-3.7417,-43.3603,76.1,63,72,3.8,broken clouds,0.0,0
622,Kindu,CD,-2.95,25.95,70.66,79,22,1.86,few clouds,0.0,0
623,Kheda,IN,22.75,72.6833,80.89,73,63,5.39,broken clouds,0.0,0
624,El Banco,CO,9.0011,-73.9758,78.69,83,50,3.22,scattered clouds,0.0,0
625,Florianopolis,BR,-27.6146,-48.5012,61.83,82,75,4.61,broken clouds,0.0,0
626,Halifax,CA,44.6453,-63.5724,71.49,63,1,3.44,clear sky,0.0,0
627,Lima,PE,-12.0432,-77.0282,61.9,83,90,11.5,overcast clouds,0.0,0
628,Along,IN,28.1667,94.7667,75.18,97,100,1.52,light rain,0.57,0
629,Belmonte,BR,-15.8631,-38.8828,72.1,79,0,5.77,clear sky,0.0,0
630,Den Helder,NL,52.9599,4.7593,66.07,93,90,8.05,overcast clouds,0.0,0
631,Pilar,BR,-9.5972,-35.9567,71.53,88,65,2.64,broken clouds,0.0,0
632,Plettenberg Bay,ZA,-34.0527,23.3716,57.79,59,1,6.08,clear sky,0.0,0
633,Kampene,CD,-3.6,26.6667,69.44,60,14,0.78,few clouds,0.0,0
634,Kourou,GF,5.1552,-52.6478,78.12,89,92,8.3,overcast clouds,0.0,0
635,Moosomin,CA,50.1333,-101.6677,95.7,15,58,10.74,broken clouds,0.0,0
636,Carmen,MX,18.6333,-91.8333,84.24,74,40,8.05,scattered clouds,0.0,0
637,Dire,ML,12.2833,-10.9667,73.29,95,98,1.97,overcast clouds,0.0,0
638,Carutapera,BR,-1.195,-46.02,75.18,92,44,7.27,scattered clouds,0.0,0
639,High Level,CA,58.5169,-117.136,57.31,100,90,5.75,light rain,0.72,0
640,Pareora,NZ,-44.4871,171.2132,55.31,60,99,12.91,overcast clouds,0.0,0
641,Dahanu,IN,19.9667,72.7333,80.13,81,99,6.51,overcast clouds,0.0,0
642,Xihua,CN,33.7833,114.5167,75.13,89,100,2.77,light rain,0.37,0
643,Tiarei,PF,-17.5333,-149.3333,84.22,76,13,8.93,few clouds,0.0,0
644,Mahibadhoo,MV,3.7833,72.9667,82.62,69,90,14.83,overcast clouds,0.0,0
645,Qaqortoq,GL,60.7167,-46.0333,50.5,98,100,11.03,light rain,0.59,0
646,Kitob,UZ,39.0843,66.8332,63.18,28,0,4.41,clear sky,0.0,0
647,Saint-Georges,GD,12.0564,-61.7485,76.68,88,20,8.05,few clouds,0.0,0
648,Iranshahr,IR,27.2025,60.6848,89.94,27,0,6.91,clear sky,0.0,0
649,Otorohanga,NZ,-38.1833,175.2,60.21,63,80,4.99,broken clouds,0.0,0
650,Wajir,KE,1.7471,40.0573,74.7,66,85,19.46,overcast clouds,0.0,0
651,Mielec,PL,50.2871,21.4239,69.01,85,39,4.45,scattered clouds,0.0,0
652,Kota Kinabalu,MY,5.9749,116.0724,80.58,83,20,6.91,few clouds,0.0,0
653,Nioro,GM,13.35,-15.75,76.55,87,100,4.5,overcast clouds,0.0,0
654,Kasulu,TZ,-4.5767,30.1025,65.26,52,11,2.19,few clouds,0.0,0
655,Bontang,ID,0.1333,117.5,78.35,84,90,2.98,light rain,0.87,0
656,Macenta,GN,8.5435,-9.471,68.09,95,90,2.28,overcast clouds,0.0,0
657,Arman,RU,59.7,150.1667,59.13,90,100,4.25,overcast clouds,0.0,0
658,Carman,CA,49.4992,-98.0016,94.12,27,58,10.36,broken clouds,0.0,0
659,Matagami,CA,49.7502,-77.6328,69.91,56,1,8.05,clear sky,0.0,0
660,Nenjiang,CN,49.1833,125.2167,67.93,80,1,2.21,clear sky,0.0,0
661,Funadhoo,MV,6.15,73.2667,81.7,76,100,15.39,overcast clouds,0.0,0
662,Seoul,KR,37.5683,126.9778,80.17,57,0,10.36,clear sky,0.0,0
663,Port Blair,IN,11.6667,92.75,79.88,82,100,12.41,moderate rain,2.73,0
664,Ulladulla,AU,-35.35,150.4667,65.88,45,0,14.27,clear sky,0.0,0
665,Banda Aceh,ID,5.5577,95.3222,78.69,78,100,10.0,overcast clouds,0.0,0
666,Huallanca,PE,-9.8993,-76.9417,49.86,71,93,1.72,overcast clouds,0.0,0
667,Richards Bay,ZA,-28.783,32.0377,59.49,85,8,4.12,clear sky,0.0,0
668,Yenagoa,NG,4.9247,6.2642,74.77,92,81,3.74,broken clouds,0.0,0
669,Inverness,GB,57.4791,-4.224,53.8,85,75,1.01,light rain,0.35,0
670,Ust-Nera,RU,64.5667,143.2,62.29,67,83,9.22,light rain,0.15,0
671,Almaznyy,RU,48.0448,40.045,64.54,84,100,5.35,overcast clouds,0.0,0
672,Lokeren,BE,51.1154,3.963,62.98,82,9,12.37,clear sky,0.0,0
673,Mogadishu,SO,2.0371,45.3438,75.99,85,35,19.44,scattered clouds,0.0,0
674,Tianpeng,CN,30.9866,103.9393,72.07,96,100,4.68,overcast clouds,0.0,0
675,Payo,ID,-3.7508,103.6372,74.48,86,100,1.72,overcast clouds,0.0,0
676,Bisira,PA,8.5196,-81.7115,60.75,99,100,2.04,overcast clouds,0.0,0
677,San Jose,US,37.3394,-121.895,100.71,49,90,11.5,haze,0.0,0
678,Mwanza,TZ,-2.5167,32.9,71.67,44,46,12.68,scattered clouds,0.0,0
679,Peleduy,RU,59.6289,112.7406,65.91,85,98,4.92,overcast clouds,0.0,0
680,Baie-Comeau,CA,49.2168,-68.1489,62.6,67,1,5.75,clear sky,0.0,0
681,Kaeo,NZ,-35.1,173.7833,60.33,70,13,6.82,few clouds,0.0,0
682,Namatanai,PG,-3.6667,152.4333,82.83,73,79,6.58,moderate rain,1.22,0
683,Constitucion,CL,-35.3333,-72.4167,50.7,92,100,17.11,overcast clouds,0.0,0
684,Igarka,RU,67.4667,86.5833,53.64,93,99,11.3,overcast clouds,0.0,0
685,Songjianghe,CN,42.1859,127.479,65.26,89,100,3.24,overcast clouds,0.0,0
686,Saint Joseph,US,39.7686,-94.8466,82.6,57,1,6.91,clear sky,0.0,0
687,Hailar,CN,49.2,119.7,65.35,66,0,4.21,clear sky,0.0,0
688,Yakymivka,UA,46.6897,35.1536,66.96,61,33,8.61,scattered clouds,0.0,0
689,Westport,US,41.1415,-73.3579,77.05,57,1,1.99,clear sky,0.0,0
690,Bowen,AU,-20.0167,148.2333,71.42,68,94,14.32,overcast clouds,0.0,0
691,San Joaquin,US,37.9333,-121.3011,105.21,25,1,5.75,clear sky,0.0,0
692,Sulya,IN,12.5667,75.3833,75.24,96,99,0.94,overcast clouds,0.0,0
693,Rosita,NI,13.9268,-84.4032,79.09,78,51,2.26,broken clouds,0.0,0
694,Maracacume,BR,-2.0428,-45.9592,74.28,87,81,3.53,broken clouds,0.0,0
695,Chapais,CA,49.7834,-74.8492,64.18,61,25,6.04,scattered clouds,0.0,0
696,Pemangkat,ID,1.1667,108.9667,77.41,85,52,4.97,broken clouds,0.0,0
697,Huambo,AO,-12.7761,15.7392,60.39,29,38,3.38,scattered clouds,0.0,0
698,Kalat,PK,29.0225,66.5916,66.97,62,37,3.6,scattered clouds,0.0,0
699,Pitimbu,BR,-7.4706,-34.8086,73.99,78,40,14.2,scattered clouds,0.0,0
700,Kamiiso,JP,41.8167,140.65,66.58,77,75,12.66,broken clouds,0.0,0
701,Lasa,IT,46.6166,10.7002,68.88,83,10,3.15,clear sky,0.0,0
702,Tobane,BW,-21.95,27.9,51.1,86,0,6.64,clear sky,0.0,0
